{
  "eval_loss": 0.069119393825531,
  "eval_accuracy": 0.9823987930600956,
  "eval_precision": 0.9885453529521326,
  "eval_recall": 0.9918706783778733,
  "eval_f1_score": 0.9902052238805971,
  "eval_runtime": 25.6444,
  "eval_samples_per_second": 465.247,
  "eval_steps_per_second": 7.292,
  "epoch": 1.0
}